"Nitrogen","Phosporous","Potassium","temperature","humidity","ph","rainfall","Soil Type","label"
"90","42","43","20.87974371","82.00274423","6.502985292","202.9355362","Sandy","rice"
"85","58","41","21.77046169","80.31964408","7.038096361","226.6555374","Loamy","rice"
"60","55","44","23.00445915","82.3207629","7.840207144","263.9642476","Black","rice"
"74","35","40","26.49109635","80.15836264","6.980400905","242.8640342","Red","rice"
"78","42","42","20.13017482","81.60487287","7.628472891","262.7173405","Clayey","rice"
"69","37","42","23.05804872","83.37011772","7.073453503","251.0549998","Sandy","rice"
"69","55","38","22.70883798","82.63941394","5.70080568","271.3248604","Red","rice"
"94","53","40","20.27774362","82.89408619","5.718627178","241.9741949","Loamy","rice"
"89","54","38","24.51588066","83.5352163","6.685346424","230.4462359","Sandy","rice"
"68","58","38","23.22397386","83.03322691","6.336253525","221.2091958","Black","rice"
"91","53","40","26.52723513","81.41753846","5.386167788","264.6148697","Clayey","rice"
"90","46","42","23.97898217","81.45061596","7.50283396","250.0832336","Sandy","rice"
"78","58","44","26.80079604","80.88684822","5.108681786","284.4364567","Loamy","rice"
"93","56","36","24.01497622","82.05687182","6.98435366","185.2773389","Clayey","rice"
"94","50","37","25.66585205","80.66385045","6.94801983","209.5869708","Red","rice"
"60","48","39","24.28209415","80.30025587","7.042299069","231.0863347","Black","rice"
"85","38","41","21.58711777","82.7883708","6.249050656","276.6552459","Clayey","rice"
"91","35","39","23.79391957","80.41817957","6.970859754","206.2611855","Sandy","rice"
"77","38","36","21.8652524","80.1923008","5.953933276","224.5550169","Black","rice"
"88","35","40","23.57943626","83.58760316","5.85393208","291.2986618","Loamy","rice"
"89","45","36","21.32504158","80.47476396","6.442475375","185.4974732","Sandy","rice"
"76","40","43","25.15745531","83.11713476","5.070175667","231.3843163","Loamy","rice"
"67","59","41","21.94766735","80.97384195","6.012632591","213.3560921","Red","rice"
"83","41","43","21.0525355","82.67839517","6.254028451","233.1075816","Black","rice"
"98","47","37","23.48381344","81.33265073","7.375482851","224.0581164","Clayey","rice"
"66","53","41","25.0756354","80.52389148","7.778915154","257.0038865","Sandy","rice"
"97","59","43","26.35927159","84.04403589","6.286500176","271.3586137","Red","rice"
"97","50","41","24.52922681","80.54498576","7.070959995","260.2634026","Loamy","rice"
"60","49","44","20.77576147","84.49774397","6.244841491","240.0810647","Black","rice"
"84","51","35","22.30157427","80.64416466","6.043304899","197.9791215","Clayey","rice"
"73","57","41","21.44653958","84.94375962","5.824709117","272.2017204","Red","rice"
"92","35","40","22.17931888","80.33127223","6.357389366","200.0882787","Loamy","rice"
"85","37","39","24.52783742","82.73685569","6.364134968","224.6757231","Clayey","rice"
"98","53","38","20.26707606","81.63895217","5.01450727","270.4417274","Sandy","rice"
"88","54","44","25.7354293","83.88266234","6.149410611","233.1321372","Loamy","rice"
"95","55","42","26.79533926","82.1480873","5.950660556","193.3473987","Black","rice"
"99","57","35","26.75754171","81.17734011","5.960370061","272.2999056","Loamy","rice"
"95","39","36","23.86330467","83.15250801","5.561398642","285.2493645","Clayey","rice"
"60","43","44","21.01944696","82.95221726","7.416245107","298.4018471","Red","rice"
"63","44","41","24.17298839","83.7287574","5.583370042","257.0343554","Sandy","rice"
"62","42","36","22.78133816","82.06719137","6.430010215","248.7183228","Clayey","rice"
"64","45","43","25.62980105","83.52842314","5.534878156","209.9001977","Loamy","rice"
"83","60","36","25.59704938","80.14509262","6.903985986","200.834898","Red","rice"
"82","40","40","23.83067496","84.81360127","6.271478838","298.5601175","Black","rice"
"85","52","45","26.31355498","82.36698992","7.224285503","265.5355937","Sandy","rice"
"91","35","38","24.8972823","80.52586088","6.13428721","183.6793207","Loamy","rice"
"76","49","42","24.958779","84.47963372","5.206373153","196.9560008","Black","rice"
"74","39","38","23.24113501","84.59201843","7.782051313","233.0453455","Clayey","rice"
"79","43","39","21.66628296","80.70960551","7.062779015","210.8142087","Red","rice"
"88","55","45","24.63544858","80.41363018","7.730367824","253.7202781","Sandy","rice"
"60","36","43","23.43121862","83.06310136","5.286203711","219.9048349","Red","rice"
"76","60","39","20.0454142","80.3477562","6.766240045","208.5810155","Black","rice"
"93","56","42","23.85724032","82.22572988","7.382762603","195.0948311","Clayey","rice"
"65","60","43","21.97199397","81.89918197","5.658169482","227.3637009","Sandy","rice"
"95","52","36","26.22916897","83.83625819","5.543360238","286.5083725","Red","rice"
"75","38","39","23.44676801","84.79352417","6.215109715","283.9338466","Black","rice"
"74","54","38","25.65553461","83.47021081","7.120272972","217.3788583","Loamy","rice"
"91","36","45","24.44345477","82.45432595","5.950647577","267.9761948","Sandy","rice"
"71","46","40","20.2801937","82.1235421","7.236705436","191.9535738","Loamy","rice"
"99","55","35","21.7238313","80.2389895","6.501697816","277.9626192","Red","rice"
"72","40","38","20.41447029","82.20802629","7.592490617","245.1511304","Clayey","rice"
"83","58","45","25.75528612","83.51827127","5.875345751","245.6626799","Loamy","rice"
"93","58","38","20.61521424","83.77345559","6.932400225","279.5451717","Black","rice"
"70","36","42","21.84106875","80.72886384","6.946209881","202.3838319","Sandy","rice"
"76","47","42","20.08369642","83.29114712","5.739175027","263.6372176","Black","rice"
"99","41","36","24.45802087","82.74835604","6.738652179","182.5616319","Red","rice"
"99","54","37","21.14347496","80.33502926","5.594819626","198.6730942","Black","rice"
"86","59","35","25.78720567","82.11124033","6.946636369","243.5120414","Loamy","rice"
"69","46","41","23.64124821","80.28597873","5.012139669","263.1103304","Clayey","rice"
"91","56","37","23.43191632","80.56887849","6.363472208","269.5039162","Sandy","rice"
"61","52","41","24.97669518","83.891805","6.880431223","204.8001847","Clayey","rice"
"67","45","38","22.72791041","82.1706881","7.300410836","260.8875056","Red","rice"
"79","42","37","24.87300744","82.84022551","6.587918708","295.6094492","Loamy","rice"
"78","43","42","21.32376327","83.00320459","7.283736617","192.3197536","Black","rice"
"75","54","36","26.29465461","84.56919326","7.023936392","257.4914906","Red","rice"
"97","36","45","22.2286982","81.85872947","6.939083505","278.0791793","Clayey","rice"
"67","47","44","26.73072391","81.78596776","7.868474653","280.4044392","Sandy","rice"
"73","35","38","24.88921174","81.97927117","5.005306977","185.9461429","Loamy","rice"
"77","36","37","26.88444878","81.46033732","6.136131869","194.5766559","Clayey","rice"
"81","41","38","22.67846116","83.72874389","7.524080076","200.9133156","Red","rice"
"68","57","43","26.08867875","80.37979919","5.706943251","182.9043504","Clayey","rice"
"72","45","35","25.42977518","82.94682591","5.758506323","195.3574542","Sandy","rice"
"61","53","43","26.40323239","81.05635517","6.349606327","223.3671883","Black","rice"
"67","43","39","26.04371967","84.96907151","5.999969026","186.7536773","Loamy","rice"
"67","58","39","25.2827223","80.54372813","5.453592032","220.1156708","Sandy","rice"
"66","60","38","22.08576562","83.47038318","6.372576327","231.7364957","Clayey","rice"
"82","43","38","23.28617173","81.43321641","5.105588355","242.3170629","Red","rice"
"84","50","44","25.48591986","81.40633547","5.935344406","182.6549356","Black","rice"
"81","53","42","23.67575393","81.03569343","5.17782304","233.7034975","Loamy","rice"
"91","50","40","20.82477109","84.1341879","6.462391607","230.2242223","Loamy","rice"
"93","53","38","26.92995077","81.91411159","7.069172227","290.6793783","Black","rice"
"90","44","38","23.83509503","83.88387074","7.473134377","241.2013513","Clayey","rice"
"81","45","35","26.52872817","80.12267476","6.158376967","218.9163567","Red","rice"
"78","40","38","26.46428311","83.85642678","7.549873681","248.2256491","Sandy","rice"
"60","51","36","22.69657794","82.81088865","6.028321558","256.9964761","Clayey","rice"
"88","46","42","22.68319059","83.46358271","6.604993475","194.2651719","Red","rice"
"93","47","37","21.53346343","82.14004101","6.500343222","295.9248796","Loamy","rice"
"60","55","45","21.40865769","83.3293191","5.935745417","287.5766935","Sandy","rice"
"78","35","44","26.54348085","84.67353597","7.072655622","183.6222657","Black","rice"
"65","37","40","23.35905428","83.59512273","5.333322606","188.413665","Sandy","rice"
"71","54","16","22.61359953","63.69070564","5.749914421","87.75953857","Loamy","maize"
"61","44","17","26.10018422","71.57476937","6.931756558","102.2662445","Black","maize"
"80","43","16","23.55882094","71.59351368","6.657964753","66.71995467","Red","maize"
"73","58","21","19.97215954","57.68272924","6.596060648","60.65171481","Clayey","maize"
"61","38","20","18.47891261","62.69503871","5.970458434","65.43835393","Sandy","maize"
"68","41","16","21.77689322","57.80840636","6.158830619","102.0861694","Red","maize"
"93","41","17","25.6217169","66.50415474","6.047906679","105.4654703","Loamy","maize"
"89","60","19","25.19192419","66.6902901","5.913664501","78.06639649","Sandy","maize"
"76","44","17","20.41683147","62.5542482","5.855442401","65.27798457","Black","maize"
"67","60","25","24.92162194","66.78627406","5.750254943","109.2162279","Clayey","maize"
"70","44","19","23.31689124","73.4541537","5.852607099","94.29712821","Sandy","maize"
"90","49","21","24.84016732","68.3584573","6.472523287","74.05474936","Loamy","maize"
"62","52","16","22.27526694","58.84015925","6.967057762","63.87020584","Clayey","maize"
"92","44","16","18.87751445","65.76816093","6.082973754","94.76189431","Red","maize"
"66","54","21","25.19008683","60.2001687","5.919045532","72.12375573","Black","maize"
"63","58","22","18.25405352","55.28220433","6.204747653","63.72358154","Clayey","maize"
"70","47","17","24.6129118","70.4162444","6.600827017","104.1626147","Sandy","maize"
"61","41","17","25.1420613","65.26185135","6.021902237","76.68456006","Black","maize"
"66","53","19","23.09348056","60.1159381","6.033550195","65.49730729","Loamy","maize"
"74","55","19","18.05033737","62.89366992","6.28886807","84.23613484","Sandy","maize"
"77","57","21","24.9321581","73.80435276","6.550563823","79.74078719","Loamy","maize"
"99","50","15","18.14710054","71.09445342","5.573286437","88.07753741","Red","maize"
"74","56","22","18.28362235","66.65952796","6.829199275","80.97573281","Black","maize"
"83","45","21","18.83344471","58.75082029","5.716222912","79.7532896","Clayey","maize"
"100","48","16","25.71895816","67.22190688","5.54990242","74.51490791","Sandy","maize"
"79","51","16","25.33797709","68.49835977","6.586244581","96.46380213","Red","maize"
"94","39","18","23.89114571","57.48775781","5.893093135","102.8301942","Loamy","maize"
"75","49","15","21.53574127","71.50905983","5.918263801","102.4852929","Black","maize"
"78","48","22","23.08974909","63.10459626","5.588650585","70.43473609","Clayey","maize"
"87","54","20","25.61707368","63.4711755","6.576418207","108.8303762","Red","maize"
"87","35","25","21.44526922","63.1621551","6.178056304","65.88951188","Loamy","maize"
"63","43","19","18.51816776","55.53128131","6.641906353","90.988051","Clayey","maize"
"84","57","25","22.53510514","67.99257471","6.489040367","64.40866039","Sandy","maize"
"64","35","23","23.02038334","61.89472002","5.680361038","63.03843397","Loamy","maize"
"60","46","22","24.89364635","65.61418761","6.625404348","87.9298085","Black","maize"
"98","44","21","25.77175115","74.089114","6.524478032","107.4931917","Loamy","maize"
"75","56","18","19.39851734","62.35750641","5.696205468","60.95197486","Clayey","maize"
"86","55","21","21.54156232","59.64024162","6.803931519","109.7515385","Red","maize"
"98","35","18","23.79746068","74.82913698","6.252797548","91.76337172","Sandy","maize"
"76","57","18","18.9802729","74.52600826","6.092725883","94.26249353","Clayey","maize"
"99","56","17","24.10859207","73.13112261","6.234330356","71.07562236","Loamy","maize"
"60","44","23","24.7947077","70.04556743","5.722579819","76.72860067","Red","maize"
"74","48","17","21.63162756","60.27766379","6.430616465","69.21803098","Black","maize"
"89","60","17","25.37548751","57.21025565","5.983952675","101.7004306","Sandy","maize"
"69","51","23","22.21738222","72.85462807","6.80163854","106.6213157","Loamy","maize"
"96","46","22","20.58314011","69.00128641","6.499936446","66.29390357","Black","maize"
"61","60","15","24.87502824","68.74248334","6.265564338","91.26056654","Clayey","maize"
"74","58","18","20.03728219","56.35606753","6.727303282","109.024141","Red","maize"
"74","43","23","25.95263264","61.89082199","6.325235159","99.57981207","Sandy","maize"
"63","43","17","19.28889933","65.47050802","6.807487794","71.3195307","Red","maize"
"99","36","20","20.57981887","65.34583901","6.671085817","78.34604471","Black","maize"
"77","36","23","24.71417533","56.73426469","6.648725327","88.45361858","Clayey","maize"
"87","60","23","20.27317074","63.91281869","6.439071996","62.50351892","Sandy","maize"
"60","38","17","18.41932981","64.23580251","6.474476516","76.41312437","Red","maize"
"94","54","17","23.39128187","61.74427165","5.871647806","107.3198135","Black","maize"
"95","38","22","19.84939404","61.24500053","5.730617109","100.7689246","Loamy","maize"
"84","44","21","21.869274","61.91044947","5.850439831","107.2681929","Sandy","maize"
"77","58","19","22.8056033","56.50768935","5.791649933","101.5952794","Loamy","maize"
"66","44","20","19.0781471","69.02298571","6.740000688","80.72515943","Red","maize"
"63","35","16","22.02720976","65.35549924","6.272417541","83.73280082","Clayey","maize"
"79","45","20","23.80546189","59.24537979","5.715208817","89.9622014","Loamy","maize"
"72","60","25","18.52510753","69.0276233","5.773454729","88.10234397","Black","maize"
"67","51","24","23.50297882","61.32026065","5.584171461","64.77791424","Sandy","maize"
"86","36","24","26.54986394","72.89187265","5.787268394","73.33636055","Black","maize"
"76","48","18","19.29563411","69.63481219","5.77597783","83.21030571","Red","maize"
"75","53","18","20.68899915","59.4375337","6.864793607","103.651438","Black","maize"
"81","45","23","19.32666088","68.034493","6.192360003","84.22969177","Loamy","maize"
"73","45","21","24.60532218","73.58868502","6.636803223","96.59195302","Clayey","maize"
"71","35","24","22.27373646","59.52193158","5.826426917","67.96704792","Sandy","maize"
"96","54","22","25.70196694","61.33450447","6.960358276","83.20711308","Clayey","maize"
"99","39","18","19.20129357","68.30578978","6.11275104","87.85092352","Red","maize"
"62","48","20","21.70181447","60.47470519","6.708446922","95.71388473","Loamy","maize"
"86","37","16","20.51716779","59.21235483","5.561510732","67.61013737","Black","maize"
"94","50","19","23.30355338","73.62548442","5.873242491","97.59081274","Red","maize"
"76","39","24","24.2547451","55.64709899","6.995843776","64.23845455","Clayey","maize"
"77","52","17","24.86374934","65.7420046","5.714799723","75.82270467","Sandy","maize"
"74","39","23","22.6265115","65.77472881","6.78073637","88.17251033","Loamy","maize"
"81","49","20","18.04185513","60.61494304","5.513697923","104.2321615","Clayey","maize"
"63","42","21","23.26237612","72.33125523","5.798423908","67.10225139","Red","maize"
"99","38","21","22.88330922","71.59722446","6.352471866","67.72777298","Clayey","maize"
"90","52","25","25.97482359","69.36385721","6.822586546","103.2234212","Sandy","maize"
"68","40","19","26.14384005","66.20569924","6.655426355","107.2361366","Black","maize"
"60","57","24","18.66116213","61.55327249","6.121294041","75.03247667","Loamy","maize"
"71","52","18","25.10787449","55.97732754","5.790770203","78.16077693","Sandy","maize"
"61","59","17","23.33844615","59.24580604","6.47444292","105.0083144","Clayey","maize"
"88","38","15","25.08239719","65.92195844","6.455116637","62.49190812","Red","maize"
"65","60","22","25.36768364","72.52054555","6.606984086","107.9124111","Black","maize"
"78","37","22","25.34217103","63.31801994","6.330554389","74.52082026","Loamy","maize"
"78","58","15","25.00933355","67.816568","6.528631266","62.91359494","Loamy","maize"
"92","60","23","18.66746724","71.516474","5.721667141","69.93293255","Black","maize"
"79","59","17","20.37999665","63.73849998","6.644205485","108.5054416","Clayey","maize"
"91","55","15","18.09300227","72.61024172","6.376651091","78.96159541","Red","maize"
"76","51","18","26.16985907","71.96246617","6.247040422","79.84925393","Sandy","maize"
"87","48","25","18.65396672","61.37879671","6.656730008","93.62039175","Clayey","maize"
"71","60","22","26.07470121","59.37147589","6.2048017","85.75692395","Red","maize"
"90","57","24","18.92851916","72.80086137","6.158860284","82.34162918","Loamy","maize"
"67","35","22","23.30546753","63.24648023","6.385684214","108.7603001","Sandy","maize"
"60","54","19","18.74826712","62.49878458","6.417820493","70.23401597","Black","maize"
"83","58","23","19.74213321","59.66263104","6.381201909","65.50861389","Sandy","maize"
"83","57","19","25.73044432","70.74739256","6.877869005","98.73771338","Loamy","maize"
"40","72","77","17.02498456","16.98861173","7.485996067","88.55123143","Black","chickpea"
"23","72","84","19.02061277","17.13159126","6.920251378","79.92698081","Red","chickpea"
"39","58","85","17.88776475","15.40589717","5.996932037","68.54932919","Clayey","chickpea"
"22","72","85","18.86805647","15.65809214","6.391173589","88.51048983","Sandy","chickpea"
"36","67","77","18.36952567","19.56381041","7.152811172","79.26357665","Red","chickpea"
"32","73","81","20.45078582","15.40312102","5.988992796","92.68373702","Loamy","chickpea"
"58","70","84","20.6543203","16.60820843","6.231049028","74.6631118","Sandy","chickpea"
"59","70","84","17.3348681","18.74926979","7.550808267","82.61734721","Black","chickpea"
"42","62","75","18.17912258","18.90426935","7.010570541","81.84997529","Clayey","chickpea"
"28","74","81","18.01272266","18.30968112","8.753795334","81.98568791","Sandy","chickpea"
"58","66","79","20.99373558","19.33470387","8.718192847","93.55280105","Loamy","chickpea"
"43","66","79","19.46233971","15.22538951","7.976607593","74.58565097","Clayey","chickpea"
"58","63","81","19.81344531","14.69765308","6.515499549","78.96514709","Red","chickpea"
"23","62","85","18.97424756","19.5161216","8.490127142","80.7108745","Black","chickpea"
"27","62","77","18.19737048","14.71070537","6.576415562","70.18185181","Clayey","chickpea"
"28","72","84","18.72963144","19.18197264","6.481783043","71.58010169","Sandy","chickpea"
"50","56","76","20.99502153","19.8601304","7.966605025","73.50734019","Black","chickpea"
"39","71","84","20.28155898","16.39535215","8.140825437","82.52339655","Loamy","chickpea"
"25","78","76","17.48042641","15.7559405","7.228963452","66.96980581","Sandy","chickpea"
"31","70","77","20.88818675","14.32313811","6.492546046","90.46228334","Loamy","chickpea"
"26","80","83","17.08498521","16.14565756","7.528599957","71.31007253","Red","chickpea"
"25","68","77","20.09340593","15.11279612","7.701446446","85.74904898","Black","chickpea"
"31","78","76","17.57212145","14.99927489","8.519975748","89.31050665","Clayey","chickpea"
"60","68","83","19.12065218","18.43475844","6.620900869","85.52950164","Sandy","chickpea"
"59","62","83","18.57665902","19.22008229","8.104396058","72.94940441","Red","chickpea"
"22","67","78","17.16606398","14.42457525","6.204090835","72.32667516","Loamy","chickpea"
"36","65","80","18.2872007","16.67921616","6.051091339","74.87445574","Black","chickpea"
"59","60","84","19.03025305","18.66725565","7.690962338","94.70992037","Clayey","chickpea"
"54","77","85","17.1418614","17.0662427","7.829211144","83.74606679","Red","chickpea"
"43","68","81","17.47809436","17.93253975","6.761599706","78.92060234","Loamy","chickpea"
"28","76","82","20.56601874","14.25803981","6.654425315","83.75937135","Clayey","chickpea"
"42","79","85","17.22385224","15.82069268","6.129533877","76.57580954","Sandy","chickpea"
"32","60","83","19.69141713","19.44225438","8.829273328","91.76071648","Loamy","chickpea"
"22","78","76","17.84851658","19.09172907","8.621662982","76.32470713","Black","chickpea"
"31","79","75","18.8202251","16.1074793","8.204862075","89.73119396","Loamy","chickpea"
"28","58","81","17.47500984","16.54314829","6.18042747","93.35034262","Clayey","chickpea"
"57","58","77","18.72649425","17.58406365","7.978996755","81.20176515","Red","chickpea"
"49","55","78","18.65580107","16.17772668","7.863113671","81.70769297","Sandy","chickpea"
"46","76","77","18.2356751","19.68538502","6.967843048","83.74879344","Clayey","chickpea"
"54","61","77","18.81198127","15.21618225","6.206582193","77.5429424","Loamy","chickpea"
"38","60","76","18.65054116","17.80852431","8.868741443","77.92798682","Red","chickpea"
"59","55","79","20.36720401","16.89574311","8.766128654","82.2545577","Black","chickpea"
"36","76","75","18.38120357","16.63805158","8.736337905","70.52056697","Sandy","chickpea"
"57","68","81","17.17012591","17.30457712","8.081095263","72.78624223","Loamy","chickpea"
"35","66","81","19.37101121","15.77458129","6.138243973","85.24819851","Black","chickpea"
"35","64","78","17.92845928","14.27327988","7.496645259","85.37378769","Clayey","chickpea"
"52","60","79","19.45339934","18.23490739","8.380185271","75.6317566","Red","chickpea"
"27","76","83","19.12829388","14.92241479","6.289614016","89.61857826","Sandy","chickpea"
"57","60","84","19.1034283","17.26184541","6.586777189","75.49101167","Red","chickpea"
"52","68","78","17.48504075","16.96070581","6.89655198","86.05078037","Black","chickpea"
"43","79","79","19.40751744","18.98030507","7.806747656","80.25064637","Clayey","chickpea"
"44","74","85","20.18649426","19.63719995","7.150681303","78.26039559","Sandy","chickpea"
"24","55","78","17.30287885","15.15405941","6.64919573","75.57790384","Red","chickpea"
"29","77","75","17.50361137","15.48083156","7.778591618","72.9446671","Black","chickpea"
"20","60","78","18.17234999","14.70085967","6.358740355","90.7760707","Loamy","chickpea"
"56","67","78","17.57445618","16.71826572","8.255450758","77.81891424","Sandy","chickpea"
"37","66","85","20.93175255","18.91295403","6.456148474","78.06910795","Loamy","chickpea"
"49","71","76","19.71098332","17.63879418","6.613072145","85.57925437","Red","chickpea"
"59","69","80","19.07937684","17.86754927","8.165359297","69.40619137","Clayey","chickpea"
"20","79","77","18.54988627","16.02542689","7.64867466","76.32565249","Loamy","chickpea"
"24","56","85","18.19903647","17.41333199","6.545888558","80.6405403","Black","chickpea"
"51","72","75","18.88852533","14.99451145","7.104224797","80.1113384","Sandy","chickpea"
"57","73","85","18.49311205","14.72115044","7.358099622","91.94595352","Black","chickpea"
"22","64","82","19.48974337","17.17260319","6.4740245","87.51312796","Red","chickpea"
"52","73","79","17.25769499","18.74943955","7.840339389","94.00287214","Black","chickpea"
"29","75","75","19.62416326","18.71483156","7.064790365","88.4585692","Loamy","chickpea"
"44","59","78","20.67526473","19.85388984","7.599033472","84.78344008","Clayey","chickpea"
"41","69","82","20.02381489","16.63294455","6.715587232","68.97806542","Sandy","chickpea"
"52","56","85","20.1187446","14.44228303","6.81712422","88.68168643","Clayey","chickpea"
"34","76","80","20.65691793","15.84572566","7.985417393","65.23811143","Red","chickpea"
"42","74","83","19.2582557","14.2804191","7.545258424","65.78042032","Loamy","chickpea"
"34","71","79","17.927806","15.85622899","7.728998197","74.63872762","Black","chickpea"
"27","73","79","19.16288268","15.83500655","7.354973451","82.69766829","Red","chickpea"
"30","70","79","20.26942271","19.96978871","7.313122235","69.64449182","Clayey","chickpea"
"57","57","75","17.09104223","18.25142068","7.785039076","87.27444866","Sandy","chickpea"
"27","79","82","17.06579293","17.54024066","6.307004923","70.87150577","Loamy","chickpea"
"32","71","85","20.62767492","14.44008871","6.403982316","92.06630306","Clayey","chickpea"
"31","76","82","20.8248451","17.85057083","7.599279991","79.20509212","Red","chickpea"
"33","75","84","19.46210401","18.72831993","7.217018459","68.81405149","Clayey","chickpea"
"47","80","77","17.18248372","16.42891834","7.561108006","72.85017344","Sandy","chickpea"
"54","62","80","17.48911699","16.39055394","7.489545074","79.45758333","Black","chickpea"
"47","79","78","17.48395377","14.76014523","6.609696734","65.11365631","Loamy","chickpea"
"35","57","83","19.48316794","17.44534641","7.476800943","80.4986291","Sandy","chickpea"
"53","73","77","19.71359733","18.09665739","7.325451279","73.64476535","Clayey","chickpea"
"45","61","78","19.48649305","16.06240074","6.489389282","81.5284269","Red","chickpea"
"37","78","79","19.95264829","14.82633099","7.786366322","88.6810311","Black","chickpea"
"30","75","81","19.41789736","16.80472243","6.408437886","68.4951189","Loamy","chickpea"
"37","55","82","19.45591848","18.02235902","8.423873703","78.44910564","Loamy","chickpea"
"53","65","76","20.19137759","16.41998269","8.719960893","77.33795356","Black","chickpea"
"22","60","85","18.8392908","14.74071856","7.811997977","94.78189594","Clayey","chickpea"
"60","61","78","20.71219282","19.83643308","6.317153205","94.03659867","Red","chickpea"
"42","67","77","18.99424448","15.9362937","7.114405288","78.69707199","Sandy","chickpea"
"39","76","76","19.96837462","15.57324389","8.135900726","69.15759062","Clayey","chickpea"
"35","63","76","17.81564548","17.60756635","7.714153038","90.82097601","Red","chickpea"
"30","65","82","20.71424384","15.27824066","7.103798069","76.77888672","Loamy","chickpea"
"57","56","78","17.34150229","18.75626255","8.861479668","67.9545435","Sandy","chickpea"
"48","65","78","17.43732714","14.33847406","7.861128148","73.0926704","Black","chickpea"
"36","56","83","18.89780215","19.76182946","7.4526709","69.09512477","Sandy","chickpea"
"40","58","75","18.59190771","14.77959596","7.168096055","89.60982451","Loamy","chickpea"
"49","69","82","18.31561493","15.36143547","7.26311855","81.78710463","Black","chickpea"
"35","80","25","28.09269012","44.93322042","4.895927306","197.1144011","Black","Onion"
"14","75","24","24.54757829","57.3414485","6.436160044","118.3606557","Loamy","Onion"
"36","80","21","33.64769646","48.41490082","7.066087261","100.4673278","Clayey","Onion"
"7","77","18","20.5591255","60.54880693","6.655918078","191.0895109","Sandy","Onion"
"29","78","25","19.95991719","59.33157782","5.982854523","195.787103","Clayey","Onion"
"30","60","21","28.87667593","62.4901206","5.457871273","182.2688175","Red","Onion"
"20","74","16","36.04353699","43.61444121","4.759490199","159.8938645","Loamy","Onion"
"19","57","23","23.6734328","47.2879691","7.342409555","141.1250722","Black","Onion"
"3","60","19","25.74679443","40.7192594","4.820788186","100.7791633","Red","Onion"
"5","77","19","31.08564994","66.68832981","6.242052013","175.9303271","Clayey","Onion"
"5","68","20","18.72987676","61.33186249","5.001038726","139.8710041","Sandy","Onion"
"37","73","21","29.50304807","63.46513414","5.560224583","189.5208915","Loamy","Onion"
"9","59","24","20.43517772","39.37252634","4.747352458","137.2279662","Clayey","Onion"
"20","72","15","36.00415838","56.01334416","7.313517308","134.8596466","Red","Onion"
"31","56","23","31.46846241","35.39454002","5.661826398","174.5723999","Clayey","Onion"
"0","70","21","36.30049702","56.03021253","4.672437054","101.6073988","Sandy","Onion"
"21","74","15","29.49096726","67.10604388","6.471862118","153.2504506","Black","Onion"
"13","67","18","30.5753044","34.75591197","5.384762927","177.5764304","Loamy","Onion"
"27","74","20","24.69487673","59.96669215","5.859813416","91.95792434","Sandy","Onion"
"29","72","24","23.17409556","36.67847052","6.962386495","162.5931264","Clayey","Onion"
"5","68","20","19.04380471","33.10695144","6.12166671","155.3705624","Red","Onion"
"39","57","19","29.32379604","45.93248374","6.421748487","165.4113371","Black","Onion"
"22","62","16","34.6455408","54.32342534","4.828936119","180.9009998","Loamy","Onion"
"18","55","23","21.9989826","56.31006755","6.98571967","136.8274312","Loamy","Onion"
"39","77","21","22.99774444","60.24218572","4.603563116","159.689339","Black","Onion"
"13","75","20","30.55992394","35.29006485","6.979540061","178.8998611","Clayey","Onion"
"27","71","24","31.46417866","48.17631461","7.064973419","165.405354","Red","Onion"
"26","64","22","25.95058595","40.58227261","5.16516459","109.1821183","Sandy","Onion"
"23","55","16","21.01142393","69.69141302","5.111488821","185.2039114","Clayey","Onion"
"4","69","19","19.25100056","47.70351758","5.374358869","149.063196","Red","Onion"
"20","67","19","19.24462755","50.54495302","5.671419084","180.6465282","Loamy","Onion"
"7","74","17","22.47253208","62.56532471","5.667419697","96.74706956","Sandy","Onion"
"17","64","18","36.75087487","58.25799145","6.07938452","124.6028153","Black","Onion"
"35","71","17","29.89286629","66.35375127","6.931924963","198.1403003","Sandy","Onion"
"11","72","22","29.37735586","44.82294584","6.842744374","172.40168","Loamy","Onion"
"20","60","22","29.65052947","42.89833235","6.876572503","186.9226052","Black","Onion"
"10","71","18","19.54284889","66.34777265","6.151029296","173.1106982","Red","Onion"
"33","61","24","20.04611791","48.93905624","4.567446499","122.4564203","Clayey","Onion"
"5","68","20","20.304893052024","34.536750716027","6.2096657553006","157.44900992934","Clayey","Onion"
"16","67","21","30.100840613727","39.13089395805","6.9275596602121","182.94992756595","Loamy","Onion"
"26","73","20","24.738058713027","59.300090629342","5.8359254701794","92.550238897686","Sandy","Onion"
"9","74","17","23.485891492682","61.28216996124","5.794250309329","97.084421081366","Sandy","Onion"
"35","60","20","29.877684215021","46.513142251252","6.5882022230676","165.40978879349","Clayey","Onion"
"23","58","22","30.264041325789","40.365969655789","6.4666227623947","182.7546861276","Black","Onion"
"27","65","24","21.449272969024","51.55817497309","5.1499452090148","121.17972510913","Loamy","Onion"
"33","75","22","24.922994382602","61.481308275769","5.7630582064137","192.52824678491","Loamy","Onion"
"8","70","21","24.693263345825","39.512206011208","6.5158872811136","164.68164946062","Clayey","Onion"
"35","76","19","24.198045608997","61.511000482971","4.9489265107736","158.49908179063","Black","Onion"
"27","70","23","31.464308951851","47.787552178016","7.0222961800552","165.68417311335","Black","Onion"
"18","61","21","29.858480997536","41.067369268142","6.541113495562","184.82095726035","Loamy","Onion"
"9","58","23","20.529789570427","40.397265510505","4.882776043494","137.20373340856","Clayey","Onion"
"12","72","22","28.724942538262","43.966369791219","6.855327452866","171.37008842942","Loamy","Onion"
"19","70","22","21.513305521699","35.242362622255","6.6243330516376","159.68893326256","Loamy","Onion"
"11","71","21","28.585728709478","45.269982028141","6.751233689682","173.04581507274","Loamy","Onion"
"26","71","23","31.869417536414","47.77262301879","6.8609554404235","164.91762850411","Loamy","Onion"
"6","66","19","19.789557946076","49.390253878674","5.69015797117","146.66519579061","Clayey","Onion"
"5","67","20","18.953460397267","60.696695266222","5.1069325809299","139.92772220027","Red","Onion"
"35","77","23","28.551522338368","50.962214040204","5.1120433588515","194.64400211018","Loamy","Onion"
"15","64","19","30.215865386635","37.920685854811","5.9645954297325","181.20907629023","Loamy","Onion"
"8","74","18","23.03559385997","61.14783095831","5.876016645844","102.61189523225","Sandy","Onion"
"6","66","19","20.008397321029","47.632349712247","5.7114121315996","147.70369314535","Red","Onion"
"15","74","18","32.516221137888","38.259813809079","6.1875298873059","172.11940858582","Loamy","Onion"
"29","59","23","21.065155840104","48.475208883873","5.347029384538","127.70108886805","Black","Onion"
"33","75","22","25.138936939643","61.574842644378","5.7534949099366","192.38645456271","Sandy","Onion"
"17","65","17","36.645644427371","57.941666270315","6.2533037266648","126.04825130165","Loamy","Onion"
"31","62","21","29.000574230464","62.682981222018","5.4781170667478","183.703299633","Sandy","Onion"
"29","77","24","20.700424939043","59.855085370729","6.0536083351994","195.96253537342","Sandy","Onion"
"19","67","18","19.393207433893","50.337910323694","5.6676601436394","180.60626981291","Loamy","Onion"
"18","65","16","33.834757035902","57.13959701019","5.1507806554485","179.76890309246","Loamy","Onion"
"36","74","21","29.222787828759","59.782552274998","5.4282182968596","191.0298409354","Red","Onion"
"34","70","16","29.843821925062","66.372182229102","6.9218723014078","198.06886404534","Clayey","Onion"
"21","57","23","23.004053291655","47.592658362312","6.8303218365552","137.6799858457","Black","Onion"
"15","75","18","25.748449449293","58.417231865203","6.0774288217851","97.837635942046","Sandy","Onion"
"21","63","19","32.224005474223","55.7326268066","5.6696601539427","124.02115764045","Black","Onion"
"20","63","19","32.930001601844","56.126474630161","5.7335594606243","124.11187111578","Loamy","Onion"
"12","71","22","29.531873927457","45.071244862711","6.8591992462422","171.88363947791","Loamy","Onion"
"27","62","21","26.034200783821","52.27957513931","5.1094244632116","123.22582934742","Black","Onion"
"4","68","19","18.790258884602","59.752758982394","5.0442949798712","140.93609473043","Red","Onion"
"30","69","23","24.015968487603","37.94531322672","6.8883750038634","162.97892978999","Clayey","Onion"
"14","70","16","29.496904136038","58.016839977413","6.4424022944894","136.74743435739","Red","Onion"
"7","61","22","19.974775139158","37.299259981024","5.2021103295136","143.23131544828","Red","Onion"
"26","71","23","31.755235120823","47.886369462482","6.9184407089247","165.05505281976","Loamy","Onion"
"4","68","19","18.891937049225","57.093688148746","5.1171346908134","142.72961327872","Red","Onion"
"30","72","23","28.711035454619","52.099934660696","6.2645638397996","163.54660125355","Loamy","Onion"
"34","74","22","26.922644440737","62.34744604958","5.6745011076254","191.21523637483","Sandy","Onion"
"29","66","23","26.180326854622","36.213119502976","6.4910082047888","166.93492457867","Black","Onion"
"29","77","24","21.080227277118","60.123589504579","6.0898975750295","196.05251366964","Clayey","Onion"
"13","72","18","19.938399948915","55.824837804558","6.1910229592263","186.15817860585","Loamy","Onion"
"27","71","24","30.47273242289","46.80123861614","7.0527046131811","165.06902776077","Loamy","Onion"
"17","67","18","22.493758201029","46.017363194162","5.5892189367056","179.76616165211","Loamy","Onion"
"25","64","17","33.415379651605","56.51025876615","5.0038712533628","182.96300677394","Sandy","Onion"
"23","77","22","28.540007635991","53.425168485801","6.7125234779695","110.5104447389","Sandy","Onion"
"23","66","22","25.629251149085","44.420673925724","5.4562642630946","111.28430460461","Sandy","Onion"
"17","64","17","32.585169210482","44.418263903907","5.1102980968683","179.21808812953","Loamy","Onion"
"12","62","21","21.314035795998","53.990658362706","6.2249501240756","140.52654666615","Red","Onion"
"15","74","18","32.904393447681","38.849077196154","6.0303776821938","170.77401795872","Loamy","Onion"
"21","73","15","29.541124570669","66.624866692454","6.4869384893335","153.55941763009","Red","Onion"
"27","74","20","25.660809226284","58.720352899077","5.9899600224817","92.876016022161","Sandy","Onion"
"22","61","16","34.464230074799","54.580097921774","4.84870303874","180.94398919648","Loamy","Onion"
"24","58","23","22.354578870928","47.8882871942","6.3334618787108","134.33734473342","Loamy","Onion"
"3","49","18","27.91095209","64.70930606","3.692863601","32.67891866","Sandy","Tomato"
"22","59","23","27.32220619","51.27868781","4.371745575","36.5037914","Red","Tomato"
"36","58","25","28.66024187","59.3189118","8.399135958","36.92629678","Loamy","Tomato"
"4","43","18","29.02955344","61.09387478","8.840656256","72.98016599","Sandy","Tomato"
"29","54","16","27.78031515","54.65030015","8.153022903","32.05025323","Black","Tomato"
"32","43","22","31.99928579","54.1077461","5.270749441","71.6266696","Clayey","Tomato"
"14","55","15","27.33580911","55.27755933","8.050304395","73.44775287","Sandy","Tomato"
"5","35","20","28.92952635","53.57014709","9.679240873","66.35634104","Loamy","Tomato"
"25","57","24","27.65472156","58.59986279","6.974978386","36.94255012","Clayey","Tomato"
"11","53","24","28.52396666","55.77264351","7.39389918","61.32935611","Red","Tomato"
"40","49","17","31.02215872","45.89239456","6.68727523","53.56783314","Black","Tomato"
"38","56","25","25.74095321","45.38497051","7.88118645","67.43488235","Clayey","Tomato"
"27","43","23","31.70447482","56.85420099","5.875333778","44.94317432","Sandy","Tomato"
"24","38","22","24.47876451","58.51663927","8.202706015","34.96933295","Black","Tomato"
"23","45","21","31.46511256","51.79939437","8.985348193","74.44330654","Loamy","Tomato"
"29","57","20","25.60973447","50.7330069","5.87707519","53.39249517","Sandy","Tomato"
"31","35","23","30.30260453","47.18283631","7.707595055","68.04039813","Loamy","Tomato"
"0","55","25","28.17489437","43.6672299","4.524171562","45.78172762","Red","Tomato"
"7","45","22","25.50634557","44.8302551","9.926212291","74.32635105","Black","Tomato"
"17","58","25","31.12896766","43.58788762","6.455592696","32.76742894","Clayey","Tomato"
"11","44","17","26.34043268","55.59160391","8.016210782","35.1051197","Sandy","Tomato"
"22","49","22","28.23494706","61.5620517","3.71105919","72.66666443","Red","Tomato"
"9","51","19","27.04453473","49.32609633","5.49091063","48.25207759","Loamy","Tomato"
"28","48","15","25.16125354","55.25435777","9.254089438","40.89732789","Black","Tomato"
"26","50","19","27.3179125","51.66921088","6.005242945","32.55919573","Clayey","Tomato"
"36","56","20","25.4123765","49.66474269","7.437078236","31.87416982","Red","Tomato"
"8","60","18","31.21629982","46.01868196","3.808429173","53.1205277","Loamy","Tomato"
"24","37","21","30.573999","58.22686794","5.818219385","62.74803826","Clayey","Tomato"
"22","43","24","25.42517036","53.2208266","4.52363558","46.19374559","Sandy","Tomato"
"36","43","24","27.09400578","43.65305437","3.510404312","41.53749535","Loamy","Tomato"
"22","44","24","24.30935081","56.32938343","6.030447288","58.99536268","Black","Tomato"
"17","43","22","30.06142622","45.90067655","5.498340808","41.0550915","Loamy","Tomato"
"8","45","15","28.09568993","60.9835384","4.61136408","33.84110759","Clayey","Tomato"
"7","56","23","26.33908791","40.00933429","5.545219232","55.50429227","Red","Tomato"
"36","57","16","28.61409059","57.14218792","8.292875734","57.02891698","Sandy","Tomato"
"11","45","19","28.70012137","44.359648","3.828031463","44.11622138","Clayey","Tomato"
"6","36","22","24.21610338","59.79236306","8.869532817","42.24783476","Loamy","Tomato"
"17","57","20","28.50677929","45.20094476","3.793575185","66.1761456","Red","Tomato"
"4","47","20","25.97948991","64.95585424","4.193189124","72.19245835","Black","Tomato"
"9","49","16","30.88482722","41.36561835","7.661537348","55.053805","Sandy","Tomato"
"25","51","24","25.5042419","61.66852372","9.392694614","65.07981523","Loamy","Tomato"
"36","44","21","25.12528913","51.33189406","4.516154055","38.48678973","Black","Tomato"
"21","38","20","27.10508014","63.56791363","5.794289715","62.20279647","Clayey","Tomato"
"37","57","20","31.1006247","44.82069159","7.354286985","70.79934452","Red","Tomato"
"32","48","18","26.45707778","56.40226277","5.993513566","64.16167699","Sandy","Tomato"
"29","44","20","30.04132304","63.56222995","8.620107545","31.83192392","Red","Tomato"
"25","51","18","27.77799528","54.82130787","9.45949344","50.28438729","Black","Tomato"
"10","44","24","30.99256944","43.02151392","8.0344125","58.27600682","Clayey","Tomato"
"23","35","18","26.4908332","47.36534833","5.414492777","36.99362831","Sandy","Tomato"
"9","60","23","31.96987867","57.17377029","6.276004336","64.25520357","Red","Tomato"
"3","58","21","25.36140526","46.82652785","9.160691747","55.60523179","Black","Tomato"
"22","42","22","25.54249137","56.96640758","7.887658711","48.46797044","Loamy","Tomato"
"12","39","21","28.99319096","62.85948245","8.183844843","70.4713043","Sandy","Tomato"
"39","36","22","29.34317422","60.50320928","9.072011412","34.03335472","Loamy","Tomato"
"32","41","16","28.63618921","61.39451307","7.702287236","68.54877876","Red","Tomato"
"30","41","15","24.83206631","44.17085032","5.88509677","52.0810886","Clayey","Tomato"
"19","36","22","25.44689075","58.55363573","6.16496284","57.04826619","Loamy","Tomato"
"4","46","15","31.01274943","62.40392519","3.504752314","63.77192383","Black","Tomato"
"21","39","20","27.06179658","52.3003173","7.388007483","60.74583498","Sandy","Tomato"
"35","57","25","27.0956288","42.26206161","8.340398059","71.1271039","Black","Tomato"
"22","55","24","28.56800579","57.30636014","8.66077954","64.53027638","Red","Tomato"
"35","51","17","28.79929247","49.84213387","3.558822825","40.85534718","Black","Tomato"
"17","56","17","27.94293692","45.41393636","5.9565851","69.66289997","Loamy","Tomato"
"28","57","17","30.47757686","61.58245338","9.416003106","61.86633917","Clayey","Tomato"
"22","36","16","30.58139475","50.77148138","8.18422855","64.58559639","Sandy","Tomato"
"11","41","19","26.85911286","41.81420849","5.131779302","44.13827124","Clayey","Tomato"
"38","38","18","26.31051759","61.18749126","6.294130313","35.73403813","Red","Tomato"
"23","37","24","28.77833449","44.2252605","7.991902443","33.95825723","Loamy","Tomato"
"25","35","20","28.90245417","43.35365671","8.923095695","71.90018566","Black","Tomato"
"40","45","20","29.37687468","57.69622912","6.878498176","38.34303462","Red","Tomato"
"23","58","19","24.17093241","58.25204566","5.243634849","59.18953429","Clayey","Tomato"
"2","56","23","26.65333029","59.79023382","7.550090941","36.91852635","Sandy","Tomato"
"3","56","17","28.19912143","53.50567601","8.709291688","52.13580529","Loamy","Tomato"
"26","51","25","28.76488954","52.62741529","7.792508068","55.21606732","Clayey","Tomato"
"39","42","20","29.3499706","61.25353851","8.055908858","40.82840673","Red","Tomato"
"27","59","20","28.00937423","52.60950014","4.397698806","36.01203025","Clayey","Tomato"
"24","45","19","26.85851927","48.8246387","5.952384957","34.7426459","Sandy","Tomato"
"7","40","17","31.2123945","40.92604945","8.532078733","53.78769958","Black","Tomato"
"15","45","23","24.20422636","61.43378674","7.224193642","46.0203959","Loamy","Tomato"
"26","52","23","29.98835437","49.60384796","4.931890506","52.92929636","Sandy","Tomato"
"20","45","16","29.93964907","54.61813464","4.626212446","45.43669946","Clayey","Tomato"
"34","54","24","31.2119298","41.55934359","5.026003659","68.80141783","Red","Tomato"
"19","51","25","26.80474415","48.23991436","3.5253661","43.87801983","Black","Tomato"
"29","41","21","31.49398069","62.84916863","8.86979671","64.56807592","Loamy","Tomato"
"20","50","22","30.99694676","46.42693735","9.406887533","38.31597852","Loamy","Tomato"
"11","40","23","29.61253065","63.04749127","5.80428611","50.1978269","Black","Tomato"
"15","54","15","29.97604322","57.03184356","8.35495812","44.86052932","Clayey","Tomato"
"35","55","22","30.88883074","52.62696801","8.634929739","55.51932414","Red","Tomato"
"9","59","25","30.39321309","60.16299493","7.699200949","35.37493212","Sandy","Tomato"
"40","45","18","30.43683729","55.20522037","5.261285926","30.92014047","Clayey","Tomato"
"35","38","19","25.32688786","63.18180319","9.112771682","32.71129281","Red","Tomato"
"14","58","17","30.53684308","59.96664731","4.605700542","33.48919022","Loamy","Tomato"
"40","55","18","30.38257873","40.5926071","7.115994051","47.95406479","Sandy","Tomato"
"18","36","23","24.01825377","53.76623369","7.214078621","35.03404425","Black","Tomato"
"35","52","15","28.69841277","61.14754363","9.93509073","65.67591794","Sandy","Tomato"
"4","59","22","29.33743412","49.00323081","8.914074888","42.44054315","Loamy","Tomato"
"22","51","16","27.96583691","61.34900107","8.639586199","70.10472076","Black","Tomato"
"33","47","17","24.86803974","48.27531965","8.621514073","63.9187654","Red","Tomato"
"2","51","17","25.87682261","45.96341933","5.838508699","38.53254678","Clayey","Tomato"
"16","51","21","31.01963639","49.9767522","3.532008668","32.81296548","Sandy","Tomato"
"37","50","23","29.65296893","88.48587386","6.5304707","56.01913159","Loamy","Cauliflower"
"34","35","21","28.44524991","82.67639542","6.684381357","58.18713162","Clayey","Cauliflower"
"14","37","15","27.96235681","83.97586797","6.581351374","48.9366954","Red","Cauliflower"
"23","39","22","29.25649321","81.97952224","6.86483915","42.02483277","Clayey","Cauliflower"
"5","45","21","28.36291385","88.00989267","6.487124217","43.05130077","Sandy","Cauliflower"
"22","37","20","27.62749466","86.49366929","6.605733068","39.26137642","Black","Cauliflower"
"40","51","17","28.66086349","86.12194568","6.860602782","50.01534317","Loamy","Cauliflower"
"27","56","20","29.2114218","87.11497805","6.41874299","51.53848218","Sandy","Cauliflower"
"31","40","22","29.40889385","86.16063492","6.365513634","53.35486977","Clayey","Cauliflower"
"38","36","21","28.02952623","84.8845732","6.556372966","36.12042927","Red","Cauliflower"
"6","37","17","28.08657178","80.35005927","6.760694228","38.14476781","Black","Cauliflower"
"6","47","18","29.16174608","80.28038146","6.715276663","40.16545979","Loamy","Cauliflower"
"24","44","17","29.8596912","80.03499648","6.666380512","50.66487502","Loamy","Cauliflower"
"25","59","19","29.06631494","83.6869203","6.626629798","43.95183726","Black","Cauliflower"
"32","56","21","27.38538997","88.66663953","6.702772465","58.29933073","Clayey","Cauliflower"
"8","45","18","27.93034941","85.42058715","7.011030515","43.25095608","Red","Cauliflower"
"19","39","17","29.2808618","81.8009244","6.890156495","44.47427436","Sandy","Cauliflower"
"39","37","15","28.9973145","83.78911515","6.821747052","59.84499208","Clayey","Cauliflower"
"33","37","19","27.92678579","86.5543196","7.183189922","43.4826194","Red","Cauliflower"
"26","54","17","28.5474135","88.9570454","6.27258822","49.4897245","Loamy","Cauliflower"
"21","51","15","29.36488409","89.1886954","6.679127482","48.30159325","Sandy","Cauliflower"
"22","54","20","28.56149805","83.63802195","6.689825155","41.013132","Black","Cauliflower"
"29","45","16","28.43683487","87.91332682","6.583381939","43.12063289","Sandy","Cauliflower"
"4","40","21","28.79728147","80.45744422","6.725551062","44.30070517","Loamy","Cauliflower"
"10","37","22","28.7275267","89.12760359","7.069747814","58.52974279","Black","Cauliflower"
"4","44","19","27.95639663","83.52706038","6.921993878","43.25726752","Red","Cauliflower"
"20","45","17","28.17458662","83.69659318","6.770955317","37.2464655","Clayey","Cauliflower"
"23","45","23","28.77653519","86.69133979","6.983130466","56.12443206","Sandy","Cauliflower"
"25","48","21","28.438097","83.48991368","6.267684328","52.55469976","Red","Cauliflower"
"56","79","15","29.48439992","63.19915325","7.454532137","71.89090748","Loamy","Cauliflower"
"25","62","21","26.73433965","68.13999721","7.040056094","67.15096376","Sandy","Cauliflower"
"42","61","22","26.27274407","62.28814857","7.418650668","70.23207557","Black","Cauliflower"
"42","73","25","34.03679184","67.21113844","6.501869314","73.23573601","Clayey","Cauliflower"
"44","58","18","28.03644051","65.06601664","6.814410928","72.49507741","Sandy","Cauliflower"
"50","55","16","28.81460716","65.33538112","7.581442888","62.26242533","Loamy","Cauliflower"
"35","72","21","34.03619494","64.28791388","7.741418772","66.85510868","Clayey","Cauliflower"
"30","64","20","33.8642935","61.57072498","6.573531614","68.02199825","Red","Cauliflower"
"27","64","21","32.84213012","68.68401492","7.543804223","73.67166182","Black","Cauliflower"
"50","74","17","27.10053268","63.36085585","6.5408208","73.84949872","Clayey","Cauliflower"
"39","73","24","25.65842532","61.18235808","7.22405917","69.28607828","Sandy","Cauliflower"
"57","67","25","32.34744009","66.61452812","7.551364319","64.55882254","Black","Cauliflower"
"52","63","19","29.58949031","68.32176769","6.928898659","67.53021213","Loamy","Cauliflower"
"55","66","22","30.91219459","68.79427388","7.747775263","66.63830637","Sandy","Cauliflower"
"51","56","18","28.12787838","64.2097765","6.706505915","70.86340755","Loamy","Cauliflower"
"36","66","15","30.08545364","69.34811988","6.668238556","67.1367443","Red","Cauliflower"
"59","55","19","31.74379487","62.51007687","7.332375138","68.97097538","Black","Cauliflower"
"50","58","23","27.81326852","62.50460464","7.596802025","69.75555541","Clayey","Cauliflower"
"30","65","25","32.88733849","64.59457409","7.70650895","71.50569456","Sandy","Cauliflower"
"20","62","18","29.36358721","64.98742947","7.366542647","61.91208707","Red","Cauliflower"
"23","52","16","28.944512560232","89.069572992341","6.4700709929123","48.912571256105","Sandy","Cauliflower"
"35","68","17","31.695718236075","67.285653635843","7.1056511770271","67.021953724399","Red","Cauliflower"
"32","37","19","27.995630321083","86.536032784132","7.145208520951","43.941189504162","Clayey","Cauliflower"
"7","38","18","28.469610988909","81.83826773388","6.6689591520902","46.120123402298","Loamy","Cauliflower"
"21","52","19","28.495520317455","83.648009757669","6.7036598047797","40.370824495865","Sandy","Cauliflower"
"31","56","20","27.504176249383","88.565701478952","6.6842958951965","57.85952676189","Loamy","Cauliflower"
"35","65","15","30.226359677242","69.314174511762","6.7129926246681","67.470773098129","Sandy","Cauliflower"
"7","45","18","27.945215770367","85.509576316471","6.9930249206783","43.244094332909","Loamy","Cauliflower"
"25","53","16","28.704043032881","89.001430154309","6.350482220694","49.262075401714","Sandy","Cauliflower"
"13","39","22","28.74245536086","88.385484091181","7.0433629771499","57.797052022502","Red","Cauliflower"
"55","66","22","31.052378052103","68.581373503624","7.7285913908855","66.435198788282","Loamy","Cauliflower"
"52","59","19","29.007073482865","65.657409362646","7.0353043856036","69.529260137711","Loamy","Cauliflower"
"35","53","19","27.946792820527","87.546586186119","6.7722418726153","54.653112947358","Loamy","Cauliflower"
"57","65","24","32.273772292879","66.113628134444","7.5246392659007","65.097273884459","Black","Cauliflower"
"38","43","18","29.321979434748","86.114841615556","6.6775137280282","57.950514304045","Clayey","Cauliflower"
"4","40","20","28.768364683924","80.563003780134","6.7323064399259","44.264822892341","Red","Cauliflower"
"25","48","20","28.448009776266","83.985670986152","6.2681290109548","52.276769035785","Sandy","Cauliflower"
"21","49","17","29.212631172484","88.542429761196","6.7577973686059","50.325987333312","Sandy","Cauliflower"
"21","62","19","28.476274749583","66.051350829315","7.2563607109044","63.680091207892","Red","Cauliflower"
"20","43","18","28.511828887397","83.161363149571","6.8002199476118","38.735935503682","Black","Cauliflower"
"48","75","20","31.85195337746","65.285658448758","6.9590826677927","72.590309792421","Clayey","Cauliflower"
"6","42","17","28.674380621896","80.311965695031","6.7358639783518","39.249500886853","Loamy","Cauliflower"
"36","51","22","29.233796855988","88.519289199506","6.5623214489552","56.440636560514","Loamy","Cauliflower"
"37","49","22","29.633026956454","88.343020195535","6.5393299786695","56.135496560924","Loamy","Cauliflower"
"26","62","21","28.117947127013","67.342747923015","7.1899194660916","68.130199780018","Sandy","Cauliflower"
"50","56","18","28.015640790704","64.093515976315","6.749591426316","70.825211296986","Loamy","Cauliflower"
"23","46","22","28.822273367037","86.735894948264","6.9237723397636","55.642115560314","Sandy","Cauliflower"
"5","39","17","28.034228349427","81.627531483648","6.8255528206828","40.200504051719","Loamy","Cauliflower"
"42","73","24","33.494891287047","66.910332167279","6.5049124286407","73.283686691233","Clayey","Cauliflower"
"27","64","20","32.932583915002","68.054542095389","7.4579423721571","73.171708954939","Sandy","Cauliflower"
"5","45","20","28.278138632868","87.502433162513","6.5898008729215","43.090429789151","Red","Cauliflower"
"41","72","24","34.036764843831","67.078928918274","6.5579307754559","72.947157534316","Clayey","Cauliflower"
"54","64","24","30.872336553395","65.27744535484","7.5661465829221","66.249477363485","Black","Cauliflower"
"6","46","18","28.683130159772","82.278262676036","6.8302294686106","41.364722125344","Red","Cauliflower"
"4","44","20","28.252605795954","86.793480468504","6.6051256784602","43.10718964819","Red","Cauliflower"
"25","62","21","27.788117557524","67.532799215358","7.1541944701514","67.896765803781","Sandy","Cauliflower"
"39","41","15","28.877284482913","84.62136020219","6.8356089629386","56.338232131127","Loamy","Cauliflower"
"33","36","21","28.374223596929","84.068444132936","6.6430317621572","37.779179972269","Clayey","Cauliflower"
"47","57","18","28.078255406099","64.674454670221","6.7650655429082","71.748908392029","Loamy","Cauliflower"
"5","46","18","29.049171267102","81.369656836703","6.6831244563714","40.572144693507","Red","Cauliflower"
"48","55","16","28.660683447153","65.282100012578","7.4297216504539","64.286474806317","Loamy","Cauliflower"
"51","55","18","28.397447281822","64.083062798521","6.753164868434","70.722325513606","Loamy","Cauliflower"
"29","64","20","33.850889806793","61.664002001962","6.5862548602366","68.096082646579","Red","Cauliflower"
"54","65","21","30.610941771556","68.686658123688","7.5612718331384","66.841442572134","Loamy","Cauliflower"
"12","37","16","28.128269432842","83.276701996593","6.6100061132779","48.01545144186","Red","Cauliflower"
"27","64","21","32.848723885789","68.65973913517","7.5448954736849","73.634020015182","Sandy","Cauliflower"
"33","70","21","33.815843923785","65.09916408629","7.704951265411","68.113025659317","Sandy","Cauliflower"
"45","57","17","28.26455434871","65.14497885914","7.0392607141082","69.495450599786","Loamy","Cauliflower"
"32","69","21","33.712611932886","65.479225750408","7.6878666457302","68.702345719608","Sandy","Cauliflower"
"4","39","20","28.634721088999","80.432882097615","6.7335893461755","42.892659751824","Red","Cauliflower"
"21","53","19","28.62098448954","84.049019632495","6.6890330495284","41.552803574934","Sandy","Cauliflower"
